{"stats":{"minecraft:crafted":{"minecraft:crafting_table":1,"minecraft:jungle_planks":4},"minecraft:custom":{"minecraft:time_since_rest":32966,"minecraft:crouch_one_cm":65,"minecraft:sprint_one_cm":36324,"minecraft:play_time":32966,"minecraft:damage_taken":727,"minecraft:walk_one_cm":18108,"minecraft:sneak_time":90,"minecraft:walk_under_water_one_cm":1454,"minecraft:aviate_one_cm":1253088,"minecraft:jump":275,"minecraft:damage_dealt":50,"minecraft:walk_on_water_one_cm":1465,"minecraft:time_since_death":32966,"minecraft:climb_one_cm":672,"minecraft:total_world_time":32966,"minecraft:swim_one_cm":612,"minecraft:fall_one_cm":12845,"minecraft:fly_one_cm":114369},"minecraft:mined":{"minecraft:jungle_log":1,"minecraft:birch_leaves":3,"minecraft:oak_leaves":3},"minecraft:used":{"minecraft:firework_rocket":44,"minecraft:birch_sapling":1,"minecraft:elytra":1},"minecraft:picked_up":{"minecraft:jungle_log":1,"minecraft:birch_sapling":1}},"DataVersion":3465}