{"stats":{"minecraft:mined":{"minecraft:birch_leaves":3},"minecraft:used":{"minecraft:birch_sapling":1},"minecraft:picked_up":{"minecraft:birch_sapling":1},"minecraft:custom":{"minecraft:jump":149,"minecraft:time_since_rest":5162,"minecraft:damage_dealt":50,"minecraft:sprint_one_cm":21319,"minecraft:play_time":5162,"minecraft:damage_taken":130,"minecraft:time_since_death":5162,"minecraft:walk_one_cm":7029,"minecraft:total_world_time":5162,"minecraft:fall_one_cm":6720,"minecraft:fly_one_cm":27232}},"DataVersion":3465}