{"stats":{"minecraft:mined":{"minecraft:birch_leaves":3},"minecraft:used":{"minecraft:birch_sapling":1},"minecraft:picked_up":{"minecraft:birch_sapling":1},"minecraft:custom":{"minecraft:jump":157,"minecraft:time_since_rest":17162,"minecraft:damage_dealt":50,"minecraft:crouch_one_cm":50,"minecraft:walk_on_water_one_cm":1465,"minecraft:sprint_one_cm":21492,"minecraft:play_time":17162,"minecraft:damage_taken":130,"minecraft:time_since_death":17162,"minecraft:walk_one_cm":9498,"minecraft:sneak_time":67,"minecraft:total_world_time":17162,"minecraft:walk_under_water_one_cm":1454,"minecraft:swim_one_cm":612,"minecraft:fall_one_cm":6720,"minecraft:fly_one_cm":82414}},"DataVersion":3465}