{"stats":{"minecraft:crafted":{"minecraft:crafting_table":1,"minecraft:jungle_planks":4},"minecraft:custom":{"minecraft:open_barrel":4,"minecraft:open_chest":1,"minecraft:time_since_rest":48283,"minecraft:crouch_one_cm":792,"minecraft:sprint_one_cm":56834,"minecraft:play_time":48283,"minecraft:damage_taken":1440,"minecraft:walk_one_cm":45274,"minecraft:sneak_time":400,"minecraft:walk_under_water_one_cm":32791,"minecraft:aviate_one_cm":2228981,"minecraft:jump":385,"minecraft:damage_dealt":50,"minecraft:leave_game":1,"minecraft:walk_on_water_one_cm":4640,"minecraft:time_since_death":48283,"minecraft:climb_one_cm":1068,"minecraft:total_world_time":48283,"minecraft:swim_one_cm":3007,"minecraft:fall_one_cm":18796,"minecraft:fly_one_cm":139118},"minecraft:mined":{"minecraft:jungle_log":1,"minecraft:birch_leaves":7,"minecraft:oak_leaves":3},"minecraft:used":{"minecraft:firework_rocket":83,"minecraft:bread":14,"minecraft:birch_sapling":1,"minecraft:elytra":1},"minecraft:picked_up":{"minecraft:jungle_log":1,"minecraft:wheat_seeds":1,"minecraft:dark_oak_log":3,"minecraft:birch_sapling":1,"minecraft:dirt":22}},"DataVersion":3465}